Iteration,Number_of_Orgs,Total Queries,Earliest Start,Latest End,Elapsed Time(s),QPS
1,10,1000,2025-06-08T03:56:47.495,2025-06-08T03:56:49.774,2.279,438.79
2,10,1000,2025-06-08T03:57:08.100,2025-06-08T03:57:10.492,2.392,418.06
3,10,1000,2025-06-08T03:57:28.820,2025-06-08T03:57:31.070,2.25,444.44
4,10,1000,2025-06-08T03:57:49.392,2025-06-08T03:57:51.720,2.328,429.55
5,10,1000,2025-06-08T03:58:10.042,2025-06-08T03:58:12.313,2.271,440.33
6,10,1000,2025-06-08T03:58:30.635,2025-06-08T03:58:32.975,2.34,427.35
7,10,1000,2025-06-08T03:58:51.303,2025-06-08T03:58:53.609,2.306,433.65
8,10,1000,2025-06-08T03:59:11.944,2025-06-08T03:59:14.260,2.316,431.78
9,10,1000,2025-06-08T03:59:32.587,2025-06-08T03:59:34.895,2.308,433.28
10,10,1000,2025-06-08T03:59:53.228,2025-06-08T03:59:55.483,2.255,443.46