Iteration,Number_of_Orgs,Total Queries,Earliest Start,Latest End,Elapsed Time(s),QPS,Smart_Contract_Execution,Smart_Contract_Language
1,5,500,2025-06-08T03:07:09.951,2025-06-08T03:07:10.086,0.135,3703.7,docker,nodejs
2,5,500,2025-06-08T03:07:28.264,2025-06-08T03:07:28.389,0.125,4000,docker,nodejs
3,5,500,2025-06-08T03:07:46.566,2025-06-08T03:07:46.693,0.127,3937.01,docker,nodejs
4,5,500,2025-06-08T03:08:04.870,2025-06-08T03:08:04.996,0.126,3968.25,docker,nodejs
5,5,500,2025-06-08T03:08:23.174,2025-06-08T03:08:23.301,0.127,3937.01,docker,nodejs
6,5,500,2025-06-08T03:08:41.479,2025-06-08T03:08:41.604,0.125,4000,docker,nodejs
7,5,500,2025-06-08T03:08:59.786,2025-06-08T03:08:59.941,0.155,3225.81,docker,nodejs
8,5,500,2025-06-08T03:09:18.119,2025-06-08T03:09:18.258,0.139,3597.12,docker,nodejs
9,5,500,2025-06-08T03:09:36.438,2025-06-08T03:09:36.562,0.124,4032.26,docker,nodejs
10,5,500,2025-06-08T03:09:54.741,2025-06-08T03:09:54.870,0.129,3875.97,docker,nodejs